train_f1_score,test_f1_score,train_accuracy,test_accuracy,train_recall,test_recall,train_precision,test_precision,train_roc,test_roc,accuracy_BM,method,feature,type
0.9415789923873065,0.870265914585012,0.9267795883361921,0.8389597399349837,0.9130723291307233,0.8404669260700389,0.9719230090058273,0.9022556390977443,0.9324452554744525,0.8383580256662302,0.6426606651662916,rf,all,tes
